[
  {
    "County": "Alameda",
    "AMI": 147900,
    "VLI_4": 73950,
    "LI_4": 112150,
    "MOD_4": 177500
  },
  {
    "County": "Alpine",
    "AMI": 114600,
    "VLI_4": 48050,
    "LI_4": 76900,
    "MOD_4": 137500
  },
  {
    "County": "Amador",
    "AMI": 101200,
    "VLI_4": 45850,
    "LI_4": 73350,
    "MOD_4": 121450
  },
  {
    "County": "Butte",
    "AMI": 91600,
    "VLI_4": 41250,
    "LI_4": 65950,
    "MOD_4": 109900
  },
  {
    "County": "Calaveras",
    "AMI": 96200,
    "VLI_4": 47650,
    "LI_4": 76250,
    "MOD_4": 115450
  },
  {
    "County": "Colusa",
    "AMI": 83800,
    "VLI_4": 41250,
    "LI_4": 65950,
    "MOD_4": 100550
  },
  {
    "County": "Contra Costa",
    "AMI": 147900,
    "VLI_4": 73950,
    "LI_4": 112150,
    "MOD_4": 177500
  },
  {
    "County": "Del Norte",
    "AMI": 83800,
    "VLI_4": 41250,
    "LI_4": 65950,
    "MOD_4": 100550
  },
  {
    "County": "El Dorado",
    "AMI": 113900,
    "VLI_4": 53600,
    "LI_4": 85750,
    "MOD_4": 136700
  },
  {
    "County": "Fresno",
    "AMI": 83800,
    "VLI_4": 41250,
    "LI_4": 65950,
    "MOD_4": 100550
  },
  {
    "County": "Glenn",
    "AMI": 83800,
    "VLI_4": 41250,
    "LI_4": 65950,
    "MOD_4": 100550
  },
  {
    "County": "Humboldt",
    "AMI": 83800,
    "VLI_4": 41250,
    "LI_4": 65950,
    "MOD_4": 100550
  },
  {
    "County": "Imperial",
    "AMI": 83800,
    "VLI_4": 41250,
    "LI_4": 65950,
    "MOD_4": 100550
  },
  {
    "County": "Inyo",
    "AMI": 85400,
    "VLI_4": 42700,
    "LI_4": 68300,
    "MOD_4": 102500
  },
  {
    "County": "Kern",
    "AMI": 83800,
    "VLI_4": 41250,
    "LI_4": 65950,
    "MOD_4": 100550
  },
  {
    "County": "Kings",
    "AMI": 83800,
    "VLI_4": 41250,
    "LI_4": 65950,
    "MOD_4": 100550
  },
  {
    "County": "Lake",
    "AMI": 83800,
    "VLI_4": 41250,
    "LI_4": 65950,
    "MOD_4": 100550
  },
  {
    "County": "Lassen",
    "AMI": 83800,
    "VLI_4": 41900,
    "LI_4": 67050,
    "MOD_4": 100550
  },
  {
    "County": "Los Angeles",
    "AMI": 98200,
    "VLI_4": 63050,
    "LI_4": 100900,
    "MOD_4": 117850
  },
  {
    "County": "Madera",
    "AMI": 83800,
    "VLI_4": 41250,
    "LI_4": 65950,
    "MOD_4": 100550
  },
  {
    "County": "Marin",
    "AMI": 175000,
    "VLI_4": 93200,
    "LI_4": 149100,
    "MOD_4": 210000
  },
  {
    "County": "Mariposa",
    "AMI": 83800,
    "VLI_4": 41250,
    "LI_4": 65950,
    "MOD_4": 100550
  },
  {
    "County": "Mendocino",
    "AMI": 89700,
    "VLI_4": 42500,
    "LI_4": 68000,
    "MOD_4": 107650
  },
  {
    "County": "Merced",
    "AMI": 83800,
    "VLI_4": 41250,
    "LI_4": 65950,
    "MOD_4": 100550
  },
  {
    "County": "Modoc",
    "AMI": 83800,
    "VLI_4": 41250,
    "LI_4": 65950,
    "MOD_4": 100550
  },
  {
    "County": "Mono",
    "AMI": 95800,
    "VLI_4": 42500,
    "LI_4": 68000,
    "MOD_4": 114950
  },
  {
    "County": "Monterey",
    "AMI": 100400,
    "VLI_4": 60200,
    "LI_4": 96350,
    "MOD_4": 120500
  },
  {
    "County": "Napa",
    "AMI": 129600,
    "VLI_4": 66750,
    "LI_4": 106700,
    "MOD_4": 155500
  },
  {
    "County": "Nevada",
    "AMI": 112500,
    "VLI_4": 52100,
    "LI_4": 83350,
    "MOD_4": 135000
  },
  {
    "County": "Orange",
    "AMI": 127800,
    "VLI_4": 71750,
    "LI_4": 114800,
    "MOD_4": 153350
  },
  {
    "County": "Placer",
    "AMI": 113900,
    "VLI_4": 53600,
    "LI_4": 85750,
    "MOD_4": 136700
  },
  {
    "County": "Plumas",
    "AMI": 83800,
    "VLI_4": 41900,
    "LI_4": 67050,
    "MOD_4": 100550
  },
  {
    "County": "Riverside",
    "AMI": 94500,
    "VLI_4": 46600,
    "LI_4": 74550,
    "MOD_4": 113400
  },
  {
    "County": "Sacramento",
    "AMI": 113900,
    "VLI_4": 53600,
    "LI_4": 85750,
    "MOD_4": 136700
  },
  {
    "County": "San Benito",
    "AMI": 140200,
    "VLI_4": 55650,
    "LI_4": 89050,
    "MOD_4": 168250
  },
  {
    "County": "San Bernardino",
    "AMI": 94500,
    "VLI_4": 46600,
    "LI_4": 74550,
    "MOD_4": 113400
  },
  {
    "County": "San Diego",
    "AMI": 116800,
    "VLI_4": 68900,
    "LI_4": 110250,
    "MOD_4": 140150
  },
  {
    "County": "San Francisco",
    "AMI": 175000,
    "VLI_4": 93200,
    "LI_4": 149100,
    "MOD_4": 210000
  },
  {
    "County": "San Joaquin",
    "AMI": 100300,
    "VLI_4": 43850,
    "LI_4": 70100,
    "MOD_4": 120350
  },
  {
    "County": "San Luis Obispo",
    "AMI": 113100,
    "VLI_4": 57900,
    "LI_4": 92650,
    "MOD_4": 135700
  },
  {
    "County": "San Mateo",
    "AMI": 175000,
    "VLI_4": 93200,
    "LI_4": 149100,
    "MOD_4": 210000
  },
  {
    "County": "Santa Barbara",
    "AMI": 107300,
    "VLI_4": 73950,
    "LI_4": 118500,
    "MOD_4": 128750
  },
  {
    "County": "Santa Clara",
    "AMI": 181300,
    "VLI_4": 89200,
    "LI_4": 137100,
    "MOD_4": 217550
  },
  {
    "County": "Santa Cruz",
    "AMI": 132800,
    "VLI_4": 82350,
    "LI_4": 132100,
    "MOD_4": 159350
  },
  {
    "County": "Shasta",
    "AMI": 89800,
    "VLI_4": 42000,
    "LI_4": 67200,
    "MOD_4": 107750
  },
  {
    "County": "Sierra",
    "AMI": 90000,
    "VLI_4": 45000,
    "LI_4": 72000,
    "MOD_4": 108000
  },
  {
    "County": "Siskiyou",
    "AMI": 83800,
    "VLI_4": 41250,
    "LI_4": 65950,
    "MOD_4": 100550
  },
  {
    "County": "Solano",
    "AMI": 112600,
    "VLI_4": 57200,
    "LI_4": 91500,
    "MOD_4": 135100
  },
  {
    "County": "Sonoma",
    "AMI": 128100,
    "VLI_4": 62900,
    "LI_4": 100650,
    "MOD_4": 153700
  },
  {
    "County": "Stanislaus",
    "AMI": 92600,
    "VLI_4": 42200,
    "LI_4": 67500,
    "MOD_4": 111100
  },
  {
    "County": "Sutter",
    "AMI": 83800,
    "VLI_4": 41250,
    "LI_4": 65950,
    "MOD_4": 100550
  },
  {
    "County": "Tehama",
    "AMI": 83800,
    "VLI_4": 41250,
    "LI_4": 65950,
    "MOD_4": 100550
  },
  {
    "County": "Trinity",
    "AMI": 83800,
    "VLI_4": 41250,
    "LI_4": 65950,
    "MOD_4": 100550
  },
  {
    "County": "Tulare",
    "AMI": 83800,
    "VLI_4": 41250,
    "LI_4": 65950,
    "MOD_4": 100550
  },
  {
    "County": "Tuolumne",
    "AMI": 97700,
    "VLI_4": 44050,
    "LI_4": 70450,
    "MOD_4": 117250
  },
  {
    "County": "Ventura",
    "AMI": 123500,
    "VLI_4": 66400,
    "LI_4": 106250,
    "MOD_4": 148200
  },
  {
    "County": "Yolo",
    "AMI": 114000,
    "VLI_4": 52450,
    "LI_4": 83900,
    "MOD_4": 136800
  },
  {
    "County": "Yuba",
    "AMI": 83800,
    "VLI_4": 41250,
    "LI_4": 65950,
    "MOD_4": 100550
  }
]